"Pop","envPop1","envPop2"
"P1",-1,-1
"P2",-0.5,-1
"P3",0,-1
"P4",0.5,-1
"P5",1,-1
"P6",1,-1
"P7",0.5,-1
"P8",0,-1
"P9",-0.5,-1
"P10",-1,-1
"P11",-1,-0.5
"P12",-0.5,-0.5
"P13",0,-0.5
"P14",0.5,-0.5
"P15",1,-0.5
"P16",1,-0.5
"P17",0.5,-0.5
"P18",0,-0.5
"P19",-0.5,-0.5
"P20",-1,-0.5
"P21",-1,0
"P22",-0.5,0
"P23",0,0
"P24",0.5,0
"P25",1,0
"P26",1,0
"P27",0.5,0
"P28",0,0
"P29",-0.5,0
"P30",-1,0
"P31",-1,0.5
"P32",-0.5,0.5
"P33",0,0.5
"P34",0.5,0.5
"P35",1,0.5
"P36",1,0.5
"P37",0.5,0.5
"P38",0,0.5
"P39",-0.5,0.5
"P40",-1,0.5
"P41",-1,1
"P42",-0.5,1
"P43",0,1
"P44",0.5,1
"P45",1,1
"P46",1,1
"P47",0.5,1
"P48",0,1
"P49",-0.5,1
"P50",-1,1
"P51",-1,1
"P52",-0.5,1
"P53",0,1
"P54",0.5,1
"P55",1,1
"P56",1,1
"P57",0.5,1
"P58",0,1
"P59",-0.5,1
"P60",-1,1
"P61",-1,0.5
"P62",-0.5,0.5
"P63",0,0.5
"P64",0.5,0.5
"P65",1,0.5
"P66",1,0.5
"P67",0.5,0.5
"P68",0,0.5
"P69",-0.5,0.5
"P70",-1,0.5
"P71",-1,0
"P72",-0.5,0
"P73",0,0
"P74",0.5,0
"P75",1,0
"P76",1,0
"P77",0.5,0
"P78",0,0
"P79",-0.5,0
"P80",-1,0
"P81",-1,-0.5
"P82",-0.5,-0.5
"P83",0,-0.5
"P84",0.5,-0.5
"P85",1,-0.5
"P86",1,-0.5
"P87",0.5,-0.5
"P88",0,-0.5
"P89",-0.5,-0.5
"P90",-1,-0.5
"P91",-1,-1
"P92",-0.5,-1
"P93",0,-1
"P94",0.5,-1
"P95",1,-1
"P96",1,-1
"P97",0.5,-1
"P98",0,-1
"P99",-0.5,-1
"P100",-1,-1
